iter	MultiClass
0	3.737942656
1	3.682335053
2	3.635670823
3	3.589556159
4	3.549909331
5	3.511017958
6	3.47241113
7	3.4407832
8	3.41203535
9	3.381185481
10	3.350243333
11	3.321955635
12	3.294418809
13	3.26940836
14	3.24389008
15	3.221192875
16	3.198113766
17	3.177589155
18	3.155839547
